{"gradients/model.fc3.bias": {"_type": "histogram", "values": [1.0, 0.0, 0.0, 0.0, 0.0, 0.0, 0.0, 0.0, 0.0, 0.0, 0.0, 0.0, 0.0, 0.0, 0.0, 0.0, 0.0, 0.0, 0.0, 0.0, 0.0, 0.0, 0.0, 0.0, 0.0, 0.0, 0.0, 0.0, 0.0, 0.0, 0.0, 0.0, 0.0, 0.0, 0.0, 0.0, 0.0, 0.0, 0.0, 0.0, 0.0, 0.0, 0.0, 0.0, 0.0, 0.0, 0.0, 0.0, 0.0, 0.0, 0.0, 0.0, 0.0, 0.0, 0.0, 0.0, 0.0, 0.0, 0.0, 0.0, 0.0, 0.0, 0.0, 1.0], "bins": [-0.008330758661031723, -0.00807042233645916, -0.007810086011886597, -0.0075497496873140335, -0.007289413828402758, -0.0070290775038301945, -0.006768741179257631, -0.006508404854685068, -0.006248068995773792, -0.005987732671201229, -0.005727396346628666, -0.005467060022056103, -0.005206724163144827, -0.004946387838572264, -0.0046860515139997005, -0.004425715189427137, -0.004165378864854574, -0.003905042540282011, -0.0036447064485400915, -0.0033843701239675283, -0.003124034032225609, -0.0028636977076530457, -0.0026033613830804825, -0.0023430250585079193, -0.002082688966766, -0.0018223527586087584, -0.001562016550451517, -0.001301680225878954, -0.0010413440177217126, -0.0007810078095644712, -0.0005206714849919081, -0.00026033527683466673, 9.313225746154785e-10, 0.0002603371685836464, 0.0005206734058447182, 0.0007810096722096205, 0.0010413458803668618, 0.0013016820885241032, 0.0015620184130966663, 0.0018223546212539077, 0.002082690829411149, 0.002343027153983712, 0.0026033632457256317, 0.002863699570298195, 0.003124035894870758, 0.0033843719866126776, 0.0036447083111852407, 0.0039050444029271603, 0.0041653807274997234, 0.004425717052072287, 0.00468605337664485, 0.004946389235556126, 0.005206725560128689, 0.005467061884701252, 0.005727398209273815, 0.005987734533846378, 0.0062480708584189415, 0.006508407182991505, 0.006768743507564068, 0.007029079832136631, 0.007289415691047907, 0.00754975201562047, 0.007810088340193033, 0.008070424199104309, 0.008330760523676872]}, "_timestamp": 1657286651, "_runtime": 25, "gradients/model.fc3.weight": {"_type": "histogram", "values": [1.0, 0.0, 0.0, 0.0, 1.0, 0.0, 0.0, 0.0, 0.0, 0.0, 0.0, 0.0, 0.0, 0.0, 0.0, 0.0, 0.0, 1.0, 0.0, 1.0, 2.0, 1.0, 1.0, 0.0, 0.0, 2.0, 3.0, 2.0, 0.0, 0.0, 1.0, 0.0, 0.0, 1.0, 0.0, 0.0, 2.0, 3.0, 2.0, 0.0, 0.0, 1.0, 1.0, 2.0, 1.0, 0.0, 1.0, 0.0, 0.0, 0.0, 0.0, 0.0, 0.0, 0.0, 0.0, 0.0, 0.0, 0.0, 0.0, 1.0, 0.0, 0.0, 0.0, 1.0], "bins": [-0.0036072873044759035, -0.0034945595543831587, -0.003381831804290414, -0.003269104054197669, -0.003156376304104924, -0.003043648786842823, -0.002930921036750078, -0.0028181932866573334, -0.0027054655365645885, -0.0025927377864718437, -0.002480010036379099, -0.002367282286286354, -0.0022545545361936092, -0.0021418267861008644, -0.0020290990360081196, -0.0019163715187460184, -0.0018036436522379518, -0.001690915902145207, -0.001578188152052462, -0.001465460518375039, -0.0013527327682822943, -0.0012400050181895494, -0.0011272772680968046, -0.0010145495180040598, -0.0009018218261189759, -0.000789094076026231, -0.0006763663841411471, -0.0005636386340484023, -0.00045091091305948794, -0.00033818319207057357, -0.00022545544197782874, -0.00011272775009274483, 0.0, 0.00011272772826487198, 0.00022545545652974397, 0.00033818319207057357, 0.00045091091305948794, 0.0005636386340484023, 0.0006763663841411471, 0.000789094076026231, 0.0009018218261189759, 0.0010145495180040598, 0.0011272772680968046, 0.0012400050181895494, 0.0013527327682822943, 0.001465460518375039, 0.001578188268467784, 0.001690915902145207, 0.0018036436522379518, 0.0019163714023306966, 0.0020290990360081196, 0.0021418267861008644, 0.0022545545361936092, 0.002367282286286354, 0.002480010036379099, 0.0025927377864718437, 0.0027054655365645885, 0.0028181932866573334, 0.002930921036750078, 0.003043648786842823, 0.003156376536935568, 0.0032691042870283127, 0.0033818320371210575, 0.0034945595543831587, 0.0036072873044759035]}, "_step": 0, "_wandb": {"runtime": 24}}