{"gradients/model.fc3.bias": {"_type": "histogram", "values": [1.0, 0.0, 0.0, 0.0, 0.0, 0.0, 0.0, 0.0, 0.0, 0.0, 0.0, 0.0, 0.0, 0.0, 0.0, 0.0, 0.0, 0.0, 0.0, 0.0, 0.0, 0.0, 0.0, 0.0, 0.0, 0.0, 0.0, 0.0, 0.0, 0.0, 0.0, 0.0, 0.0, 0.0, 0.0, 0.0, 0.0, 0.0, 0.0, 0.0, 0.0, 0.0, 0.0, 0.0, 0.0, 0.0, 0.0, 0.0, 0.0, 0.0, 0.0, 0.0, 0.0, 0.0, 0.0, 0.0, 0.0, 0.0, 0.0, 0.0, 0.0, 0.0, 0.0, 1.0], "bins": [-0.008163957856595516, -0.007908834144473076, -0.0076537104323506355, -0.007398586720228195, -0.007143463008105755, -0.0068883392959833145, -0.0066332160495221615, -0.006378092337399721, -0.006122968625277281, -0.0058678449131548405, -0.0056127212010324, -0.00535759748890996, -0.005102474242448807, -0.004847350530326366, -0.004592226818203926, -0.004337103106081486, -0.004081979393959045, -0.003826855681836605, -0.0035717319697141647, -0.003316608490422368, -0.0030614847782999277, -0.0028063610661774874, -0.0025512375868856907, -0.0022961138747632504, -0.00204099016264081, -0.0017858664505183697, -0.0015307428548112512, -0.0012756192591041327, -0.0010204955469816923, -0.000765371834859252, -0.0005102482391521335, -0.00025512464344501495, -9.313225746154785e-10, 0.0002551227225922048, 0.0005102463765069842, 0.0007653700304217637, 0.001020493684336543, 0.0012756173964589834, 0.001530740992166102, 0.0017858645878732204, 0.0020409882999956608, 0.002296112012118101, 0.0025512357242405415, 0.002806359203532338, 0.0030614829156547785, 0.003316606627777219, 0.0035717301070690155, 0.003826853819191456, 0.004081977531313896, 0.0043371012434363365, 0.004592224955558777, 0.004847348667681217, 0.0051024723798036575, 0.005357596091926098, 0.005612719338387251, 0.005867843050509691, 0.006122966762632132, 0.006378090474754572, 0.006633214186877012, 0.006888337898999453, 0.007143461145460606, 0.007398584857583046, 0.007653708569705486, 0.007908832281827927, 0.008163955993950367]}, "_timestamp": 1657284893, "_runtime": 27, "gradients/model.fc3.weight": {"_type": "histogram", "values": [1.0, 1.0, 0.0, 0.0, 0.0, 0.0, 0.0, 0.0, 1.0, 0.0, 0.0, 0.0, 0.0, 0.0, 0.0, 0.0, 0.0, 0.0, 0.0, 0.0, 1.0, 1.0, 0.0, 0.0, 1.0, 5.0, 0.0, 2.0, 2.0, 0.0, 1.0, 0.0, 0.0, 1.0, 0.0, 2.0, 2.0, 0.0, 5.0, 1.0, 0.0, 0.0, 1.0, 1.0, 0.0, 0.0, 0.0, 0.0, 0.0, 0.0, 0.0, 0.0, 0.0, 0.0, 0.0, 1.0, 0.0, 0.0, 0.0, 0.0, 0.0, 0.0, 1.0, 1.0], "bins": [-0.004755220375955105, -0.004606619942933321, -0.00445801904425025, -0.004309418611228466, -0.004160817712545395, -0.004012217279523611, -0.0038636166136711836, -0.003715015947818756, -0.0035664152819663286, -0.003417814616113901, -0.0032692139502614737, -0.003120613284409046, -0.0029720128513872623, -0.002823411952704191, -0.0026748115196824074, -0.00252621085382998, -0.0023776101879775524, -0.002229009522125125, -0.0020804088562726974, -0.0019318083068355918, -0.0017832076409831643, -0.0016346069751307368, -0.0014860064256936312, -0.0013374057598412037, -0.0011888050939887762, -0.0010402044281363487, -0.0008916038204915822, -0.0007430032128468156, -0.0005944025469943881, -0.0004458018811419606, -0.00029720127349719405, -0.00014860066585242748, 0.0, 0.00014860063674859703, 0.00029720127349719405, 0.0004458019102457911, 0.0005944025469943881, 0.0007430032128468156, 0.0008916038204915822, 0.0010402044281363487, 0.0011888050939887762, 0.0013374057598412037, 0.0014860064256936312, 0.0016346069751307368, 0.0017832076409831643, 0.0019318083068355918, 0.0020804088562726974, 0.002229009522125125, 0.0023776101879775524, 0.00252621085382998, 0.0026748115196824074, 0.002823412185534835, 0.0029720128513872623, 0.003120613284409046, 0.0032692139502614737, 0.003417814616113901, 0.0035664152819663286, 0.003715015947818756, 0.0038636166136711836, 0.004012217279523611, 0.004160817712545395, 0.004309418611228466, 0.00445801904425025, 0.004606619477272034, 0.004755220375955105]}, "_step": 0, "_wandb": {"runtime": 25}}