{"gradients/model.fc3.bias": {"_type": "histogram", "values": [1.0, 0.0, 0.0, 0.0, 0.0, 0.0, 0.0, 0.0, 0.0, 0.0, 0.0, 0.0, 0.0, 0.0, 0.0, 0.0, 0.0, 0.0, 0.0, 0.0, 0.0, 0.0, 0.0, 0.0, 0.0, 0.0, 0.0, 0.0, 0.0, 0.0, 0.0, 0.0, 0.0, 0.0, 0.0, 0.0, 0.0, 0.0, 0.0, 0.0, 0.0, 0.0, 0.0, 0.0, 0.0, 0.0, 0.0, 0.0, 0.0, 0.0, 0.0, 0.0, 0.0, 0.0, 0.0, 0.0, 0.0, 0.0, 0.0, 0.0, 0.0, 0.0, 0.0, 1.0], "bins": [-0.00796915777027607, -0.007720121648162603, -0.007471085526049137, -0.007222049403935671, -0.006973013281822205, -0.006723976694047451, -0.006474940571933985, -0.0062259044498205185, -0.005976868327707052, -0.005727832205593586, -0.00547879608348012, -0.0052297599613666534, -0.0049807233735919, -0.004731687717139721, -0.004482651129364967, -0.004233615007251501, -0.003984578885138035, -0.0037355427630245686, -0.0034865066409111023, -0.0032374702859669924, -0.002988434163853526, -0.00273939804174006, -0.00249036168679595, -0.0022413255646824837, -0.0019922894425690174, -0.0017432533204555511, -0.001494217081926763, -0.001245180843397975, -0.0009961447212845087, -0.0007471085991710424, -0.0004980723606422544, -0.00024903612211346626, 0.0, 0.0002490361803211272, 0.0004980723606422544, 0.0007471085409633815, 0.0009961447212845087, 0.001245180843397975, 0.001494217081926763, 0.0017432533204555511, 0.0019922894425690174, 0.0022413255646824837, 0.00249036168679595, 0.00273939804174006, 0.002988434163853526, 0.0032374702859669924, 0.0034865066409111023, 0.0037355427630245686, 0.003984578885138035, 0.004233615007251501, 0.004482651129364967, 0.004731687251478434, 0.0049807233735919, 0.0052297599613666534, 0.00547879608348012, 0.005727832205593586, 0.005976868327707052, 0.0062259044498205185, 0.006474940571933985, 0.006723976694047451, 0.006973013281822205, 0.0072220489382743835, 0.007471085526049137, 0.007720121648162603, 0.00796915777027607]}, "_timestamp": 1657285591, "_runtime": 26, "gradients/model.fc3.weight": {"_type": "histogram", "values": [1.0, 0.0, 0.0, 0.0, 0.0, 0.0, 1.0, 0.0, 0.0, 0.0, 0.0, 0.0, 0.0, 1.0, 1.0, 0.0, 0.0, 0.0, 0.0, 1.0, 0.0, 0.0, 2.0, 0.0, 2.0, 1.0, 1.0, 2.0, 1.0, 1.0, 1.0, 0.0, 0.0, 1.0, 1.0, 1.0, 2.0, 1.0, 1.0, 2.0, 0.0, 2.0, 0.0, 0.0, 1.0, 0.0, 0.0, 0.0, 0.0, 1.0, 1.0, 0.0, 0.0, 0.0, 0.0, 0.0, 0.0, 1.0, 0.0, 0.0, 0.0, 0.0, 0.0, 1.0], "bins": [-0.004130571149289608, -0.004001490771770477, -0.0038724103942513466, -0.003743330016732216, -0.003614249639213085, -0.0034851692616939545, -0.0033560891170054674, -0.0032270087394863367, -0.003097928361967206, -0.0029688479844480753, -0.0028397676069289446, -0.002710687229409814, -0.002581607084721327, -0.002452526707202196, -0.0023234463296830654, -0.0021943659521639347, -0.002065285574644804, -0.0019362051971256733, -0.0018071248196065426, -0.0016780445585027337, -0.001548964180983603, -0.0014198838034644723, -0.0012908035423606634, -0.0011617231648415327, -0.001032642787322402, -0.0009035624098032713, -0.0007744820904918015, -0.0006454017711803317, -0.000516321393661201, -0.0003872410161420703, -0.0002581606968306005, -0.0001290803775191307, 0.0, 0.00012908034841530025, 0.0002581606968306005, 0.00038724104524590075, 0.000516321393661201, 0.0006454017711803317, 0.0007744820904918015, 0.0009035624098032713, 0.001032642787322402, 0.0011617231648415327, 0.0012908035423606634, 0.0014198838034644723, 0.001548964180983603, 0.0016780445585027337, 0.0018071248196065426, 0.0019362051971256733, 0.002065285574644804, 0.0021943659521639347, 0.0023234463296830654, 0.002452526707202196, 0.002581607084721327, 0.0027106874622404575, 0.0028397676069289446, 0.0029688479844480753, 0.003097928361967206, 0.0032270087394863367, 0.0033560891170054674, 0.003485169494524598, 0.003614249639213085, 0.003743330016732216, 0.0038724103942513466, 0.004001490771770477, 0.004130571149289608]}, "_step": 0, "_wandb": {"runtime": 24}}