{"gradients/model.fc3.bias": {"_type": "histogram", "values": [1.0, 0.0, 0.0, 0.0, 0.0, 0.0, 0.0, 0.0, 0.0, 0.0, 0.0, 0.0, 0.0, 0.0, 0.0, 0.0, 0.0, 0.0, 0.0, 0.0, 0.0, 0.0, 0.0, 0.0, 0.0, 0.0, 0.0, 0.0, 0.0, 0.0, 0.0, 0.0, 0.0, 0.0, 0.0, 0.0, 0.0, 0.0, 0.0, 0.0, 0.0, 0.0, 0.0, 0.0, 0.0, 0.0, 0.0, 0.0, 0.0, 0.0, 0.0, 0.0, 0.0, 0.0, 0.0, 0.0, 0.0, 0.0, 0.0, 0.0, 0.0, 0.0, 0.0, 1.0], "bins": [-0.00857452116906643, -0.008306567557156086, -0.008038613945245743, -0.007770659867674112, -0.007502705790102482, -0.007234752178192139, -0.0069667985662817955, -0.006698844954371452, -0.006430890876799822, -0.006162937264889479, -0.005894983187317848, -0.005627029575407505, -0.005359075963497162, -0.005091121885925531, -0.004823168274015188, -0.004555214196443558, -0.004287260584533215, -0.004019306972622871, -0.003751352895051241, -0.0034833992831408978, -0.003215445438399911, -0.002947491593658924, -0.002679537981748581, -0.002411584137007594, -0.0021436302922666073, -0.0018756764475256205, -0.0016077227191999555, -0.0013397689908742905, -0.0010718151461333036, -0.0008038613013923168, -0.0005359075730666518, -0.0002679538447409868, 0.0, 0.0002679537865333259, 0.0005359075730666518, 0.0008038613595999777, 0.0010718151461333036, 0.0013397689908742905, 0.0016077227191999555, 0.0018756764475256205, 0.0021436302922666073, 0.002411584137007594, 0.002679537981748581, 0.002947491593658924, 0.003215445438399911, 0.0034833992831408978, 0.003751352895051241, 0.004019306972622871, 0.004287260584533215, 0.004555214196443558, 0.004823168274015188, 0.005091121885925531, 0.005359075963497162, 0.005627029575407505, 0.005894983187317848, 0.006162936799228191, 0.006430890876799822, 0.006698844488710165, 0.0069667985662817955, 0.007234752178192139, 0.007502705790102482, 0.007770659867674112, 0.008038613945245743, 0.008306567557156086, 0.00857452116906643]}, "_timestamp": 1657288079, "_runtime": 30, "gradients/model.fc3.weight": {"_type": "histogram", "values": [1.0, 0.0, 0.0, 0.0, 0.0, 1.0, 0.0, 0.0, 1.0, 0.0, 1.0, 1.0, 0.0, 0.0, 0.0, 0.0, 0.0, 0.0, 0.0, 0.0, 0.0, 1.0, 0.0, 2.0, 1.0, 2.0, 1.0, 1.0, 1.0, 1.0, 1.0, 0.0, 0.0, 1.0, 1.0, 1.0, 1.0, 1.0, 2.0, 1.0, 2.0, 0.0, 1.0, 0.0, 0.0, 0.0, 0.0, 0.0, 0.0, 0.0, 0.0, 0.0, 1.0, 1.0, 0.0, 1.0, 0.0, 0.0, 1.0, 0.0, 0.0, 0.0, 0.0, 1.0], "bins": [-0.0038189904298633337, -0.003699647029861808, -0.003580303629860282, -0.0034609599970281124, -0.0033416165970265865, -0.0032222731970250607, -0.0031029297970235348, -0.002983586397022009, -0.0028642427641898394, -0.0027448993641883135, -0.0026255559641867876, -0.002506212331354618, -0.002386868931353092, -0.0022675255313515663, -0.0021481821313500404, -0.0020288387313485146, -0.0019094952149316669, -0.001790151814930141, -0.0016708082985132933, -0.0015514648985117674, -0.0014321213820949197, -0.0013127779820933938, -0.001193434465676546, -0.0010740910656750202, -0.0009547476074658334, -0.0008354041492566466, -0.0007160606910474598, -0.000596717232838273, -0.0004773738037329167, -0.0003580303746275604, -0.00023868691641837358, -0.00011934345820918679, 0.0, 0.00011934345093322918, 0.00023868690186645836, 0.0003580303455237299, 0.0004773738037329167, 0.000596717232838273, 0.0007160606910474598, 0.0008354041492566466, 0.0009547476074658334, 0.0010740910656750202, 0.001193434465676546, 0.0013127779820933938, 0.0014321213820949197, 0.0015514648985117674, 0.0016708082985132933, 0.0017901516985148191, 0.0019094952149316669, 0.0020288387313485146, 0.0021481821313500404, 0.0022675255313515663, 0.002386868931353092, 0.002506212331354618, 0.0026255559641867876, 0.0027448993641883135, 0.0028642427641898394, 0.0029835861641913652, 0.003102929564192891, 0.0032222731970250607, 0.0033416165970265865, 0.0034609599970281124, 0.0035803033970296383, 0.003699646797031164, 0.0038189904298633337]}, "_step": 0, "_wandb": {"runtime": 48}}