{"gradients/model.fc3.bias": {"_type": "histogram", "values": [1.0, 0.0, 0.0, 0.0, 0.0, 0.0, 0.0, 0.0, 0.0, 0.0, 0.0, 0.0, 0.0, 0.0, 0.0, 0.0, 0.0, 0.0, 0.0, 0.0, 0.0, 0.0, 0.0, 0.0, 0.0, 0.0, 0.0, 0.0, 0.0, 0.0, 0.0, 0.0, 0.0, 0.0, 0.0, 0.0, 0.0, 0.0, 0.0, 0.0, 0.0, 0.0, 0.0, 0.0, 0.0, 0.0, 0.0, 0.0, 0.0, 0.0, 0.0, 0.0, 0.0, 0.0, 0.0, 0.0, 0.0, 0.0, 0.0, 0.0, 0.0, 0.0, 0.0, 1.0], "bins": [-0.008363227359950542, -0.008101876825094223, -0.007840525358915329, -0.0075791748240590096, -0.007317823823541403, -0.007056472823023796, -0.006795122288167477, -0.00653377128764987, -0.006272420287132263, -0.0060110692866146564, -0.00574971828609705, -0.00548836775124073, -0.0052270167507231236, -0.004965665750205517, -0.004704315215349197, -0.004442964214831591, -0.004181613214313984, -0.003920262213796377, -0.003658911446109414, -0.003397560678422451, -0.0031362096779048443, -0.0028748586773872375, -0.0026135079097002745, -0.0023521571420133114, -0.0020908061414957047, -0.0018294552573934197, -0.0015681043732911348, -0.00130675348918885, -0.001045402605086565, -0.0007840517209842801, -0.0005227008368819952, -0.0002613499527797103, 9.313225746154785e-10, 0.0002613518154248595, 0.0005227026995271444, 0.0007840535836294293, 0.0010454044677317142, 0.0013067553518339992, 0.001568106235936284, 0.001829457120038569, 0.002090808004140854, 0.0023521590046584606, 0.0026135097723454237, 0.0028748605400323868, 0.0031362115405499935, 0.0033975625410676003, 0.0036589133087545633, 0.003920264076441526, 0.004181615076959133, 0.00444296607747674, 0.004704317077994347, 0.004965667612850666, 0.005227018613368273, 0.0054883696138858795, 0.005749720148742199, 0.006011071149259806, 0.006272422149777412, 0.006533773150295019, 0.006795124150812626, 0.007056474685668945, 0.007317825686186552, 0.007579176686704159, 0.007840527221560478, 0.008101878687739372, 0.008363229222595692]}, "_timestamp": 1657286981, "_runtime": 88, "gradients/model.fc3.weight": {"_type": "histogram", "values": [1.0, 0.0, 0.0, 1.0, 0.0, 0.0, 1.0, 0.0, 0.0, 0.0, 1.0, 0.0, 0.0, 0.0, 0.0, 1.0, 0.0, 0.0, 0.0, 0.0, 0.0, 1.0, 0.0, 1.0, 3.0, 2.0, 0.0, 1.0, 0.0, 2.0, 0.0, 1.0, 1.0, 0.0, 2.0, 0.0, 1.0, 0.0, 2.0, 3.0, 1.0, 0.0, 1.0, 0.0, 0.0, 0.0, 0.0, 0.0, 1.0, 0.0, 0.0, 0.0, 0.0, 1.0, 0.0, 0.0, 0.0, 1.0, 0.0, 0.0, 1.0, 0.0, 0.0, 1.0], "bins": [-0.0035618003457784653, -0.0034504940267652273, -0.0033391877077519894, -0.003227881621569395, -0.003116575302556157, -0.003005268983542919, -0.002893962897360325, -0.002782656578347087, -0.002671350259333849, -0.002560043940320611, -0.002448737621307373, -0.0023374315351247787, -0.002226125216111541, -0.002114818897098303, -0.0020035128109157085, -0.0018922064919024706, -0.0017809001728892326, -0.0016695938538759947, -0.0015582876512780786, -0.0014469814486801624, -0.0013356751296669245, -0.0012243688106536865, -0.0011130626080557704, -0.0010017564054578543, -0.0008904500864446163, -0.0007791438256390393, -0.0006678375648334622, -0.0005565313040278852, -0.00044522504322230816, -0.0003339187824167311, -0.00022261252161115408, -0.00011130626080557704, 2.3283064365386963e-10, 0.0001113064936362207, 0.00022261275444179773, 0.0003339190152473748, 0.0004452252760529518, 0.0005565315368585289, 0.0006678377976641059, 0.0007791440584696829, 0.00089045031927526, 0.001001756638288498, 0.001113062840886414, 0.0012243690434843302, 0.0013356753624975681, 0.001446981681510806, 0.0015582878841087222, 0.0016695940867066383, 0.0017809004057198763, 0.0018922067247331142, 0.0020035128109157085, 0.0021148191299289465, 0.0022261254489421844, 0.0023374317679554224, 0.0024487380869686604, 0.0025600441731512547, 0.0026713504921644926, 0.0027826568111777306, 0.002893962897360325, 0.003005269216373563, 0.0031165755353868008, 0.0032278818544000387, 0.0033391881734132767, 0.003450494259595871, 0.003561800578609109]}, "_step": 0, "_wandb": {"runtime": 87}}