{"gradients/model.fc3.bias": {"_type": "histogram", "values": [1.0, 0.0, 0.0, 0.0, 0.0, 0.0, 0.0, 0.0, 0.0, 0.0, 0.0, 0.0, 0.0, 0.0, 0.0, 0.0, 0.0, 0.0, 0.0, 0.0, 0.0, 0.0, 0.0, 0.0, 0.0, 0.0, 0.0, 0.0, 0.0, 0.0, 0.0, 0.0, 0.0, 0.0, 0.0, 0.0, 0.0, 0.0, 0.0, 0.0, 0.0, 0.0, 0.0, 0.0, 0.0, 0.0, 0.0, 0.0, 0.0, 0.0, 0.0, 0.0, 0.0, 0.0, 0.0, 0.0, 0.0, 0.0, 0.0, 0.0, 0.0, 0.0, 0.0, 1.0], "bins": [-0.00828775018453598, -0.008028757758438587, -0.0077697657980024815, -0.007510773837566376, -0.007251781411468983, -0.00699278898537159, -0.006733797024935484, -0.006474805064499378, -0.006215812638401985, -0.005956820212304592, -0.005697828251868486, -0.005438836291432381, -0.005179843865334988, -0.004920851439237595, -0.004661859478801489, -0.004402867518365383, -0.00414387509226799, -0.0038848828990012407, -0.0036258907057344913, -0.003366898512467742, -0.0031079063192009926, -0.002848914125934243, -0.002589921932667494, -0.0023309297394007444, -0.002071937546133995, -0.0018129453528672457, -0.0015539531596004963, -0.001294960966333747, -0.0010359687730669975, -0.0007769765798002481, -0.0005179843865334988, -0.0002589921932667494, 0.0, 0.0002589921932667494, 0.0005179843865334988, 0.0007769765798002481, 0.0010359687730669975, 0.001294960966333747, 0.0015539531596004963, 0.0018129453528672457, 0.002071937546133995, 0.0023309297394007444, 0.002589921932667494, 0.002848914125934243, 0.0031079063192009926, 0.003366898512467742, 0.0036258907057344913, 0.0038848828990012407, 0.00414387509226799, 0.004402867518365383, 0.004661859478801489, 0.004920851439237595, 0.005179843865334988, 0.005438836291432381, 0.005697828251868486, 0.005956820212304592, 0.006215812638401985, 0.006474805064499378, 0.006733797024935484, 0.00699278898537159, 0.007251781411468983, 0.007510773837566376, 0.0077697657980024815, 0.008028757758438587, 0.00828775018453598]}, "_timestamp": 1657286771, "_runtime": 24, "gradients/model.fc3.weight": {"_type": "histogram", "values": [1.0, 0.0, 0.0, 0.0, 0.0, 0.0, 0.0, 1.0, 1.0, 0.0, 0.0, 0.0, 0.0, 1.0, 0.0, 0.0, 0.0, 0.0, 0.0, 0.0, 0.0, 0.0, 1.0, 1.0, 1.0, 2.0, 2.0, 1.0, 0.0, 2.0, 2.0, 0.0, 0.0, 2.0, 2.0, 0.0, 1.0, 2.0, 2.0, 1.0, 1.0, 1.0, 0.0, 0.0, 0.0, 0.0, 0.0, 0.0, 0.0, 0.0, 1.0, 0.0, 0.0, 0.0, 0.0, 1.0, 1.0, 0.0, 0.0, 0.0, 0.0, 0.0, 0.0, 1.0], "bins": [-0.004005471244454384, -0.0038803003262728453, -0.0037551294080913067, -0.0036299582570791245, -0.003504787338897586, -0.0033796164207160473, -0.003254445269703865, -0.0031292743515223265, -0.003004103433340788, -0.0028789325151592493, -0.0027537615969777107, -0.0026285904459655285, -0.00250341952778399, -0.0023782486096024513, -0.002253077458590269, -0.0021279065404087305, -0.002002735622227192, -0.0018775647040456533, -0.001752393669448793, -0.0016272226348519325, -0.001502051716670394, -0.0013768807984888554, -0.001251709763891995, -0.0011265387292951345, -0.001001367811113596, -0.0008761968347243965, -0.000751025858335197, -0.0006258548819459975, -0.000500683905556798, -0.0003755129291675985, -0.000250341952778399, -0.0001251709763891995, 0.0, 0.0001251709763891995, 0.000250341952778399, 0.0003755129291675985, 0.000500683905556798, 0.0006258548819459975, 0.000751025858335197, 0.0008761968347243965, 0.001001367811113596, 0.0011265387292951345, 0.001251709763891995, 0.0013768807984888554, 0.001502051716670394, 0.0016272226348519325, 0.001752393669448793, 0.0018775647040456533, 0.002002735622227192, 0.0021279065404087305, 0.002253077458590269, 0.0023782486096024513, 0.00250341952778399, 0.0026285904459655285, 0.0027537615969777107, 0.0028789325151592493, 0.003004103433340788, 0.0031292743515223265, 0.003254445269703865, 0.0033796164207160473, 0.003504787338897586, 0.0036299582570791245, 0.0037551294080913067, 0.0038803003262728453, 0.004005471244454384]}, "_step": 0, "_wandb": {"runtime": 23}}