{"gradients/model.fc3.bias": {"_type": "histogram", "values": [1.0, 0.0, 0.0, 0.0, 0.0, 0.0, 0.0, 0.0, 0.0, 0.0, 0.0, 0.0, 0.0, 0.0, 0.0, 0.0, 0.0, 0.0, 0.0, 0.0, 0.0, 0.0, 0.0, 0.0, 0.0, 0.0, 0.0, 0.0, 0.0, 0.0, 0.0, 0.0, 0.0, 0.0, 0.0, 0.0, 0.0, 0.0, 0.0, 0.0, 0.0, 0.0, 0.0, 0.0, 0.0, 0.0, 0.0, 0.0, 0.0, 0.0, 0.0, 0.0, 0.0, 0.0, 0.0, 0.0, 0.0, 0.0, 0.0, 0.0, 0.0, 0.0, 0.0, 1.0], "bins": [-0.008361339569091797, -0.008100047707557678, -0.00783875584602356, -0.007577463984489441, -0.007316172122955322, -0.007054880261421204, -0.006793588399887085, -0.006532296538352966, -0.006271004676818848, -0.006009712815284729, -0.00574842095375061, -0.005487129092216492, -0.005225837230682373, -0.004964545369148254, -0.004703253507614136, -0.004441961646080017, -0.004180670250207186, -0.003919378388673067, -0.0036580865271389484, -0.00339679466560483, -0.003135502804070711, -0.0028742109425365925, -0.0026129193138331175, -0.002351627452298999, -0.00209033559076488, -0.0018290437292307615, -0.0015677518676966429, -0.001306460122577846, -0.0010451682610437274, -0.0007838763995096087, -0.0005225846543908119, -0.00026129279285669327, -9.313225746154785e-10, 0.0002612909011077136, 0.0005225827335380018, 0.0007838745368644595, 0.0010451663983985782, 0.0013064582599326968, 0.0015677500050514936, 0.0018290418665856123, 0.002090333728119731, 0.0023516255896538496, 0.0026129174511879683, 0.0028742090798914433, 0.003135500941425562, 0.0033967928029596806, 0.003658084664493799, 0.003919376526027918, 0.0041806683875620365, 0.004441960249096155, 0.004703252110630274, 0.0049645439721643925, 0.005225835833698511, 0.00548712769523263, 0.005748419091105461, 0.00600971095263958, 0.006271002814173698, 0.006532294675707817, 0.006793586537241936, 0.007054878398776054, 0.007316170260310173, 0.007577462121844292, 0.00783875398337841, 0.008100045844912529, 0.008361337706446648]}, "_timestamp": 1657287490, "_runtime": 47, "gradients/model.fc3.weight": {"_type": "histogram", "values": [1.0, 1.0, 0.0, 0.0, 0.0, 0.0, 0.0, 0.0, 0.0, 0.0, 2.0, 0.0, 1.0, 0.0, 0.0, 1.0, 0.0, 0.0, 0.0, 0.0, 0.0, 2.0, 1.0, 0.0, 1.0, 3.0, 0.0, 1.0, 1.0, 0.0, 0.0, 1.0, 1.0, 0.0, 0.0, 1.0, 1.0, 0.0, 3.0, 1.0, 0.0, 1.0, 2.0, 0.0, 0.0, 0.0, 0.0, 0.0, 1.0, 0.0, 0.0, 1.0, 0.0, 2.0, 0.0, 0.0, 0.0, 0.0, 0.0, 0.0, 0.0, 0.0, 1.0, 1.0], "bins": [-0.0034895134158432484, -0.0033804660197347403, -0.003271418856456876, -0.0031623714603483677, -0.0030533242970705032, -0.002944276900961995, -0.0028352297376841307, -0.0027261823415756226, -0.002617135178297758, -0.00250808778218925, -0.0023990406189113855, -0.0022899932228028774, -0.002180946059525013, -0.002071898663416505, -0.0019628515001386404, -0.0018538041040301323, -0.001744756824336946, -0.0016357095446437597, -0.0015266622649505734, -0.0014176149852573872, -0.0013085677055642009, -0.0011995204258710146, -0.0010904730297625065, -0.000981425866484642, -0.0008723785285837948, -0.0007633312488906085, -0.0006542839691974223, -0.0005452366312965751, -0.00043618938070721924, -0.0003271420719102025, -0.00021809479221701622, -0.00010904751252382994, -2.3283064365386963e-10, 0.00010904705413850024, 0.00021809434110764414, 0.00032714163535274565, 0.00043618891504593194, 0.0005452362238429487, 0.000654283503536135, 0.0007633307832293212, 0.0008723780629225075, 0.0009814254008233547, 0.001090472680516541, 0.0011995199602097273, 0.0013085672399029136, 0.0014176145195960999, 0.0015266617992892861, 0.0016357090789824724, 0.0017447563586756587, 0.001853803638368845, 0.001962851034477353, 0.0020718981977552176, 0.0021809455938637257, 0.00228999275714159, 0.0023990401532500982, 0.0025080873165279627, 0.002617134712636471, 0.002726182108744979, 0.0028352292720228434, 0.0029442766681313515, 0.003053323831409216, 0.003162371227517724, 0.0032714183907955885, 0.0033804657869040966, 0.003489512950181961]}, "_step": 0, "_wandb": {"runtime": 65}}