{"gradients/model.fc3.bias": {"_type": "histogram", "values": [1.0, 0.0, 0.0, 0.0, 0.0, 0.0, 0.0, 0.0, 0.0, 0.0, 0.0, 0.0, 0.0, 0.0, 0.0, 0.0, 0.0, 0.0, 0.0, 0.0, 0.0, 0.0, 0.0, 0.0, 0.0, 0.0, 0.0, 0.0, 0.0, 0.0, 0.0, 0.0, 0.0, 0.0, 0.0, 0.0, 0.0, 0.0, 0.0, 0.0, 0.0, 0.0, 0.0, 0.0, 0.0, 0.0, 0.0, 0.0, 0.0, 0.0, 0.0, 0.0, 0.0, 0.0, 0.0, 0.0, 0.0, 0.0, 0.0, 0.0, 0.0, 0.0, 0.0, 1.0], "bins": [-0.008202442899346352, -0.007946116849780083, -0.0076897903345525265, -0.00743346381932497, -0.007177137769758701, -0.006920811254531145, -0.006664484739303589, -0.00640815868973732, -0.006151832174509764, -0.0058955056592822075, -0.005639179609715939, -0.005382853094488382, -0.005126526579260826, -0.004870200529694557, -0.004613874014467001, -0.004357547499239445, -0.004101221449673176, -0.0038448951672762632, -0.0035885688848793507, -0.0033322423696517944, -0.003075916087254882, -0.0028195898048579693, -0.002563263289630413, -0.0023069370072335005, -0.002050610724836588, -0.0017942844424396753, -0.001537958043627441, -0.0012816316448152065, -0.001025305362418294, -0.0007689790800213814, -0.000512652681209147, -0.0002563262823969126, 0.0, 0.0002563263406045735, 0.000512652681209147, 0.0007689790218137205, 0.001025305362418294, 0.0012816316448152065, 0.001537958043627441, 0.0017942844424396753, 0.002050610724836588, 0.0023069370072335005, 0.002563263289630413, 0.0028195898048579693, 0.003075916087254882, 0.0033322423696517944, 0.0035885688848793507, 0.0038448951672762632, 0.004101221449673176, 0.004357547964900732, 0.004613874014467001, 0.004870200529694557, 0.005126526579260826, 0.005382853094488382, 0.005639179609715939, 0.0058955056592822075, 0.006151832174509764, 0.00640815868973732, 0.006664484739303589, 0.006920811254531145, 0.007177137769758701, 0.00743346381932497, 0.0076897903345525265, 0.007946116849780083, 0.008202442899346352]}, "_timestamp": 1657286366, "_runtime": 30, "gradients/model.fc3.weight": {"_type": "histogram", "values": [1.0, 0.0, 0.0, 0.0, 1.0, 0.0, 1.0, 0.0, 0.0, 0.0, 1.0, 0.0, 0.0, 0.0, 1.0, 0.0, 0.0, 0.0, 0.0, 0.0, 0.0, 1.0, 1.0, 3.0, 1.0, 1.0, 1.0, 0.0, 1.0, 1.0, 1.0, 0.0, 0.0, 1.0, 1.0, 1.0, 0.0, 1.0, 1.0, 1.0, 3.0, 1.0, 1.0, 0.0, 0.0, 0.0, 0.0, 0.0, 0.0, 1.0, 0.0, 0.0, 0.0, 1.0, 0.0, 0.0, 0.0, 1.0, 0.0, 1.0, 0.0, 0.0, 0.0, 1.0], "bins": [-0.003666150849312544, -0.0035515837371349335, -0.0034370163921266794, -0.003322449279949069, -0.003207881934940815, -0.0030933148227632046, -0.0029787474777549505, -0.00286418036557734, -0.002749613020569086, -0.0026350459083914757, -0.0025204785633832216, -0.0024059114512056112, -0.002291344106197357, -0.0021767769940197468, -0.0020622096490114927, -0.0019476425368338823, -0.00183307530824095, -0.0017185080796480179, -0.0016039408510550857, -0.0014893736224621534, -0.0013748063938692212, -0.001260239165276289, -0.0011456720530986786, -0.0010311047080904245, -0.0009165375377051532, -0.000801970309112221, -0.0006874030805192888, -0.0005728359101340175, -0.0004582686524372548, -0.000343701452948153, -0.0002291342243552208, -0.00011456699576228857, 2.3283064365386963e-10, 0.00011456745414761826, 0.00022913467546459287, 0.00034370188950560987, 0.0004582691180985421, 0.0005728363175876439, 0.0006874035461805761, 0.0008019707747735083, 0.0009165380033664405, 0.0010311051737517118, 0.001145672402344644, 0.0012602396309375763, 0.0013748068595305085, 0.0014893740881234407, 0.001603941316716373, 0.0017185085453093052, 0.0018330757739022374, 0.0019476430024951696, 0.00206221011467278, 0.002176777459681034, 0.0022913445718586445, 0.0024059119168668985, 0.002520479029044509, 0.002635046374052763, 0.0027496134862303734, 0.0028641805984079838, 0.002978747943416238, 0.0030933150555938482, 0.0032078824006021023, 0.0033224495127797127, 0.0034370168577879667, 0.003551583969965577, 0.003666151314973831]}, "_step": 0, "_wandb": {"runtime": 28}}