{"gradients/model.fc3.bias": {"_type": "histogram", "values": [1.0, 0.0, 0.0, 0.0, 0.0, 0.0, 0.0, 0.0, 0.0, 0.0, 0.0, 0.0, 0.0, 0.0, 0.0, 0.0, 0.0, 0.0, 0.0, 0.0, 0.0, 0.0, 0.0, 0.0, 0.0, 0.0, 0.0, 0.0, 0.0, 0.0, 0.0, 0.0, 0.0, 0.0, 0.0, 0.0, 0.0, 0.0, 0.0, 0.0, 0.0, 0.0, 0.0, 0.0, 0.0, 0.0, 0.0, 0.0, 0.0, 0.0, 0.0, 0.0, 0.0, 0.0, 0.0, 0.0, 0.0, 0.0, 0.0, 0.0, 0.0, 0.0, 0.0, 1.0], "bins": [-0.008215455338358879, -0.007958722300827503, -0.007701989263296127, -0.0074452562257647514, -0.0071885231882333755, -0.006931790150702, -0.006675057578831911, -0.006418324541300535, -0.006161591503769159, -0.005904858466237783, -0.0056481254287064075, -0.005391392391175032, -0.005134659819304943, -0.004877926781773567, -0.004621193744242191, -0.004364460706710815, -0.0041077276691794395, -0.0038509946316480637, -0.0035942615941166878, -0.0033375287894159555, -0.0030807957518845797, -0.0028240627143532038, -0.0025673299096524715, -0.0023105968721210957, -0.0020538638345897198, -0.0017971307970583439, -0.0015403978759422898, -0.0012836649548262358, -0.0010269319172948599, -0.000770198879763484, -0.0005134659586474299, -0.0002567330375313759, 0.0, 0.00025673297932371497, 0.0005134659586474299, 0.0007701989379711449, 0.0010269319172948599, 0.0012836649548262358, 0.0015403978759422898, 0.0017971307970583439, 0.0020538638345897198, 0.0023105968721210957, 0.0025673299096524715, 0.0028240627143532038, 0.0030807957518845797, 0.0033375287894159555, 0.0035942615941166878, 0.0038509946316480637, 0.0041077276691794395, 0.004364460706710815, 0.004621193744242191, 0.004877926781773567, 0.005134659819304943, 0.005391392856836319, 0.0056481254287064075, 0.005904858466237783, 0.006161591503769159, 0.006418324541300535, 0.006675057578831911, 0.006931790616363287, 0.0071885231882333755, 0.0074452562257647514, 0.007701989263296127, 0.007958722300827503, 0.008215455338358879]}, "_timestamp": 1657286143, "_runtime": 49, "gradients/model.fc3.weight": {"_type": "histogram", "values": [1.0, 0.0, 0.0, 0.0, 0.0, 0.0, 0.0, 0.0, 0.0, 0.0, 0.0, 0.0, 1.0, 0.0, 0.0, 1.0, 0.0, 0.0, 0.0, 0.0, 0.0, 0.0, 0.0, 0.0, 2.0, 3.0, 2.0, 2.0, 1.0, 0.0, 2.0, 1.0, 1.0, 2.0, 0.0, 1.0, 2.0, 2.0, 3.0, 2.0, 0.0, 0.0, 0.0, 0.0, 0.0, 0.0, 0.0, 0.0, 1.0, 0.0, 0.0, 1.0, 0.0, 0.0, 0.0, 0.0, 0.0, 0.0, 0.0, 0.0, 0.0, 0.0, 0.0, 1.0], "bins": [-0.0052374741062521935, -0.005073803011327982, -0.0049101319164037704, -0.004746460821479559, -0.0045827897265553474, -0.004419118631631136, -0.0042554475367069244, -0.004091776907444, -0.0039281053468585014, -0.00376443425193429, -0.0036007631570100784, -0.003437092062085867, -0.0032734209671616554, -0.003109749872237444, -0.002946079010143876, -0.0027824079152196646, -0.0026187370531260967, -0.0024550659582018852, -0.0022913948632776737, -0.0021277237683534622, -0.0019640526734292507, -0.001800381694920361, -0.0016367107164114714, -0.0014730396214872599, -0.0013093685265630484, -0.0011456974316388369, -0.0009820263367146254, -0.0008183553582057357, -0.0006546842632815242, -0.0004910131683573127, -0.000327342189848423, -0.0001636710949242115, 0.0, 0.00016367106582038105, 0.0003273421316407621, 0.0004910131683573127, 0.0006546842632815242, 0.0008183553582057357, 0.0009820263367146254, 0.0011456974316388369, 0.0013093685265630484, 0.0014730396214872599, 0.0016367107164114714, 0.001800381694920361, 0.0019640526734292507, 0.0021277237683534622, 0.0022913948632776737, 0.0024550659582018852, 0.0026187370531260967, 0.0027824081480503082, 0.0029460792429745197, 0.0031097503378987312, 0.0032734214328229427, 0.0034370925277471542, 0.003600763389840722, 0.0037644344847649336, 0.0039281053468585014, 0.004091776441782713, 0.0042554475367069244, 0.004419118631631136, 0.0045827897265553474, 0.004746460821479559, 0.0049101319164037704, 0.005073802545666695, 0.0052374741062521935]}, "_step": 0, "_wandb": {"runtime": 47}}