{"gradients/model.fc3.bias": {"_type": "histogram", "values": [1.0, 0.0, 0.0, 0.0, 0.0, 0.0, 0.0, 0.0, 0.0, 0.0, 0.0, 0.0, 0.0, 0.0, 0.0, 0.0, 0.0, 0.0, 0.0, 0.0, 0.0, 0.0, 0.0, 0.0, 0.0, 0.0, 0.0, 0.0, 0.0, 0.0, 0.0, 0.0, 0.0, 0.0, 0.0, 0.0, 0.0, 0.0, 0.0, 0.0, 0.0, 0.0, 0.0, 0.0, 0.0, 0.0, 0.0, 0.0, 0.0, 0.0, 0.0, 0.0, 0.0, 0.0, 0.0, 0.0, 0.0, 0.0, 0.0, 0.0, 0.0, 0.0, 0.0, 1.0], "bins": [-0.008988188579678535, -0.008707307279109955, -0.008426426909863949, -0.008145545609295368, -0.007864665240049362, -0.007583784405142069, -0.0073029035702347755, -0.007022022269666195, -0.006741141900420189, -0.006460261065512896, -0.006179380230605602, -0.005898499395698309, -0.005617618560791016, -0.005336737725883722, -0.005055856890976429, -0.004774975590407848, -0.004494094755500555, -0.004213213920593262, -0.003932333085685968, -0.003651452250778675, -0.0033705714158713818, -0.0030896905809640884, -0.0028088095132261515, -0.002527928678318858, -0.002247047843411565, -0.0019661670085042715, -0.0016852861735969782, -0.001404405222274363, -0.0011235243873670697, -0.0008426435524597764, -0.0005617626011371613, -0.00028088176622986794, -9.313225746154785e-10, 0.00028087993268854916, 0.0005617607966996729, 0.0008426416898146272, 0.0011235225247219205, 0.0014044033596292138, 0.001685284310951829, 0.0019661651458591223, 0.0022470459807664156, 0.002527926815673709, 0.0028088076505810022, 0.003089688718318939, 0.0033705695532262325, 0.003651450388133526, 0.003932331223040819, 0.0042132120579481125, 0.004494092892855406, 0.004774973727762699, 0.0050558545626699924, 0.005336735397577286, 0.005617616232484579, 0.005898497067391872, 0.006179378367960453, 0.006460258737206459, 0.00674114003777504, 0.007022020872682333, 0.007302901707589626, 0.00758378254249692, 0.007864663377404213, 0.008145544677972794, 0.0084264250472188, 0.00870730634778738, 0.008988186717033386]}, "_timestamp": 1657287699, "_runtime": 66, "gradients/model.fc3.weight": {"_type": "histogram", "values": [1.0, 0.0, 0.0, 0.0, 0.0, 0.0, 0.0, 0.0, 0.0, 0.0, 0.0, 0.0, 1.0, 0.0, 0.0, 0.0, 0.0, 0.0, 1.0, 1.0, 0.0, 1.0, 1.0, 2.0, 0.0, 2.0, 0.0, 0.0, 1.0, 3.0, 1.0, 1.0, 1.0, 1.0, 3.0, 1.0, 0.0, 0.0, 2.0, 0.0, 2.0, 1.0, 1.0, 0.0, 1.0, 1.0, 0.0, 0.0, 0.0, 0.0, 0.0, 1.0, 0.0, 0.0, 0.0, 0.0, 0.0, 0.0, 0.0, 0.0, 0.0, 0.0, 0.0, 1.0], "bins": [-0.0045320745557546616, -0.004390447400510311, -0.004248819779604673, -0.004107192624360323, -0.003965565003454685, -0.0038239378482103348, -0.0036823106929659843, -0.0035406833048909903, -0.003399055916815996, -0.003257428528741002, -0.003115801140666008, -0.0029741739854216576, -0.0028325465973466635, -0.0026909192092716694, -0.002549292054027319, -0.002407664665952325, -0.0022660372778773308, -0.0021244098898023367, -0.0019827825017273426, -0.0018411553464829922, -0.001699527958407998, -0.001557900570333004, -0.0014162732986733317, -0.0012746460270136595, -0.0011330186389386654, -0.0009913912508636713, -0.000849763979203999, -0.0007081366493366659, -0.0005665093194693327, -0.0004248819896019995, -0.00028325465973466635, -0.0001416273880749941, 0.0, 0.00014162732986733317, 0.00028325465973466635, 0.0004248819896019995, 0.0005665093194693327, 0.0007081366493366659, 0.000849763979203999, 0.0009913912508636713, 0.0011330186389386654, 0.0012746460270136595, 0.0014162732986733317, 0.001557900570333004, 0.001699527958407998, 0.0018411553464829922, 0.0019827825017273426, 0.0021244098898023367, 0.0022660372778773308, 0.002407664665952325, 0.002549292054027319, 0.0026909192092716694, 0.0028325465973466635, 0.0029741739854216576, 0.003115801140666008, 0.003257428528741002, 0.003399055916815996, 0.0035406833048909903, 0.0036823106929659843, 0.0038239378482103348, 0.003965565003454685, 0.004107192624360323, 0.004248819779604673, 0.004390447400510311, 0.0045320745557546616]}, "_step": 0, "_wandb": {"runtime": 99}}