{"gradients/model.fc3.bias": {"_type": "histogram", "values": [1.0, 0.0, 0.0, 0.0, 0.0, 0.0, 0.0, 0.0, 0.0, 0.0, 0.0, 0.0, 0.0, 0.0, 0.0, 0.0, 0.0, 0.0, 0.0, 0.0, 0.0, 0.0, 0.0, 0.0, 0.0, 0.0, 0.0, 0.0, 0.0, 0.0, 0.0, 0.0, 0.0, 0.0, 0.0, 0.0, 0.0, 0.0, 0.0, 0.0, 0.0, 0.0, 0.0, 0.0, 0.0, 0.0, 0.0, 0.0, 0.0, 0.0, 0.0, 0.0, 0.0, 0.0, 0.0, 0.0, 0.0, 0.0, 0.0, 0.0, 0.0, 0.0, 0.0, 1.0], "bins": [-0.008467981591820717, -0.008203357458114624, -0.007938732393085957, -0.007674108259379864, -0.007409484125673771, -0.007144859526306391, -0.006880234926939011, -0.006615610793232918, -0.006350986193865538, -0.0060863615944981575, -0.005821737460792065, -0.0055571128614246845, -0.005292488262057304, -0.0050278641283512115, -0.004763239528983831, -0.004498614929616451, -0.004233990795910358, -0.003969366196542978, -0.0037047420628368855, -0.0034401174634695053, -0.003175493096932769, -0.0029108687303960323, -0.002646244131028652, -0.0023816197644919157, -0.002116995397955179, -0.0018523710314184427, -0.0015877465484663844, -0.001323122065514326, -0.0010584976989775896, -0.0007938733324408531, -0.0005292488494887948, -0.0002646243665367365, 0.0, 0.0002646244247443974, 0.0005292488494887948, 0.0007938732742331922, 0.0010584976989775896, 0.001323122065514326, 0.0015877465484663844, 0.0018523710314184427, 0.002116995397955179, 0.0023816197644919157, 0.002646244131028652, 0.0029108687303960323, 0.003175493096932769, 0.0034401174634695053, 0.0037047420628368855, 0.003969366662204266, 0.004233990795910358, 0.004498615395277739, 0.004763239528983831, 0.0050278641283512115, 0.005292488262057304, 0.0055571128614246845, 0.005821737460792065, 0.0060863615944981575, 0.006350986193865538, 0.006615610793232918, 0.006880234926939011, 0.007144859526306391, 0.007409484125673771, 0.007674108259379864, 0.007938732393085957, 0.008203357458114624, 0.008467981591820717]}, "_timestamp": 1657285970, "_runtime": 73, "gradients/model.fc3.weight": {"_type": "histogram", "values": [1.0, 0.0, 0.0, 0.0, 0.0, 0.0, 0.0, 0.0, 0.0, 1.0, 0.0, 0.0, 0.0, 1.0, 1.0, 0.0, 0.0, 1.0, 0.0, 0.0, 0.0, 0.0, 0.0, 1.0, 4.0, 0.0, 1.0, 1.0, 1.0, 0.0, 2.0, 1.0, 1.0, 2.0, 0.0, 1.0, 1.0, 1.0, 0.0, 4.0, 1.0, 0.0, 0.0, 0.0, 0.0, 0.0, 1.0, 0.0, 0.0, 1.0, 1.0, 0.0, 0.0, 0.0, 1.0, 0.0, 0.0, 0.0, 0.0, 0.0, 0.0, 0.0, 0.0, 1.0], "bins": [-0.0036094749812036753, -0.003496678778901696, -0.003383882809430361, -0.0032710866071283817, -0.0031582906376570463, -0.0030454944353550673, -0.002932698465883732, -0.0028199022635817528, -0.0027071060612797737, -0.0025943098589777946, -0.0024815138895064592, -0.00236871768720448, -0.0022559217177331448, -0.0021431255154311657, -0.0020303293131291866, -0.0019175333436578512, -0.0018047373741865158, -0.0016919412882998586, -0.0015791452024132013, -0.0014663490001112223, -0.0013535530306398869, -0.0012407568283379078, -0.0011279607424512506, -0.0010151646565645933, -0.0009023685706779361, -0.0007895724847912788, -0.0006767763989046216, -0.0005639802548103034, -0.0004511841689236462, -0.000338388083036989, -0.00022559193894267082, -0.00011279585305601358, 0.0, 0.00011279610043857247, 0.00022559220087714493, 0.00033838831586763263, 0.00045118440175428987, 0.0005639804876409471, 0.0006767766317352653, 0.0007895727176219225, 0.0009023688035085797, 0.001015164889395237, 0.0011279609752818942, 0.0012407570611685514, 0.0013535532634705305, 0.001466349232941866, 0.001579145435243845, 0.0016919415211305022, 0.0018047376070171595, 0.0019175336929038167, 0.002030329778790474, 0.002143125981092453, 0.0022559219505637884, 0.0023687181528657675, 0.002481514122337103, 0.002594310324639082, 0.002707106526941061, 0.00281990272924304, 0.0029326986987143755, 0.0030454949010163546, 0.00315829087048769, 0.003271087072789669, 0.003383883275091648, 0.0034966792445629835, 0.003609475214034319]}, "_step": 0, "_wandb": {"runtime": 72}}